Nome,Modello,Prezzo
Evril,Sneakers,64.99
Evril,Sneakers,64.99
Athens,Sneakers,59.99
Ravenne,Sneakers,39.99
Ravenne,Sneakers,39.99
Thelma,Sneakers,79.99
Ravenne,Sneakers,39.99
Walky,Sneakers,39.99
Evril,Sneakers,59.99
Evril,Sneakers,59.99
Navigator,Scarpe da barca,84.99
Navigator,Scarpe da barca,84.99
Jolie,Sandali,47.99
Johanna,Sandali,69.99
Johanna,Sandali,69.99
Evril,Sneakers,64.99
Walky,Sneakers,39.99
Navigator,Scarpe da barca,84.99
Jolie,Sandali,47.99
Jolie,Sandali,47.99
Jolie,Sandali,47.99
Johanna,Sandali,69.99
Agatha,Sneakers,39.99
Agatha,Sneakers,39.99
Freya,Sneakers,49.99
Freya,Sneakers,49.99
Cecilia,Sneakers,69.99
Cecilia,Sneakers,69.99
Doris,Sneaker,59.99
Hilda,Sneaker,89.99
Hilda,Sneaker,89.99
Hilda,Sneaker,89.99
Freya,Sneakers,49.99
Rebecca,Sneaker,79.99
Gaia,Sneaker,69.99
Gaia,Sneaker,69.99
Agatha,Sneakers,34.99
Cecilia,Sneaker,69.99
Doris,Sneaker,59.99
Gaia,Sneaker,69.99
Gaia,Sneaker,69.99
Gaia,Sneaker,69.99
Gaia,Sneaker,69.99
Agatha,Sneakers,39.99
Agatha,Sneakers,39.99
Agatha,Sneakers,44.99
Agatha,Sneakers,39.99
Agatha,Sneakers,39.99
Victoria,Sneakers,34.99
Vendor,Sneakers,49.99
Helena,Sneakers,39.99
Raul,Sneakers,84.99
Raul,Sneakers,89.99
Nilla,Sandali,59.99
Tatiana,Sandali,59.99
Linette,Sneaker,49.99
Gerda,Sneaker,64.99
Giovanna,Sandali,49.99
Giovanna,Sandali,49.99
Delia,Sandali,44.99
Delia,Sandali,44.99
Lana,Sneaker,89.99
Lana,Sneaker,89.99
Mara,Sandali,59.99
Mara,Sandali,59.99
Navigator,Green boat shoes,84.99
Rosanna,Sandali,69.99
Navigator,Green boat shoes,84.99
Marty,Sandali,74.99
Marty,Sandali,74.99
Nina,Sneaker,39.99
Nina,Sneaker,39.99
Daisie,Sneaker,49.99
Jolie,Sandali,49.99
Navigator,Scarpe da barca,89.99
Agatha,Scarpe da ginnastica,39.99
Agatha,Scarpe da ginnastica,39.99
Agatha,Scarpe da ginnastica,39.99
Jolie,Sandali,49.99
Jolie,Sandali,49.99
Line,Scarpe da ginnastica,54.99
Agatha,Sneaker,39.99
Agatha,Sneaker,44.99
Line,Scarpe da ginnastica,54.99
Freya,Sneakers,49.99
Roxy,Sneaker,49.99
Doris,Sneaker,59.99
Hilda,Sneaker,89.99
Belinda,Slip on,49.99
Belinda,Sneaker,49.99
Rebecca,Sneaker,79.99
Rebecca,Sneaker,79.99
Rebecca,Sneaker,79.99
Caterina,Sneaker,69.99
Caterina,Sneaker,69.99
Cecilia,Sneaker,69.99
Gaia,Sneaker,69.99
Gaia,Sneaker,69.99
Gaia,Sneaker,69.99
Finster,Sneakers,39.99
Agatha,Sneakers,39.99
Raul,Sneakers,89.99
Raul,Sneakers,89.99
Finster,Sneakers,39.99
Finster,Sneakers,39.99
Nilla,Sandali,59.99
Nilla,Sandali,59.99
Sofia,Sandali,54.99
Sofia,Sandali,54.99
Mara,Sandali,59.99
Rania,Sandali,69.99
Rania,Sandali,69.99
Gerda,Sneaker,64.99
Johanna,Sandali,69.99
Eftal,Sandali,44.99
Eftal,Sandali,44.99
Tatiana,Sandali,59.99
Sofia,Sandali,49.99
Giovanna,Sandali,49.99
Giovanna,Sandali,49.99
Giovanna,Sandali,49.99
Delia,Sandali,44.99
Lana,Sneaker,89.99
Lana,Sneaker,89.99
Navigator,Green boat shoes,84.99
Navigator,Green boat shoes,84.99
Rosanna,Sandali,69.99
Johanna,Sandali,69.99
Johanna,Sandali,69.99
Johanna,Sandali,69.99
Navigator,Green boat shoes,84.99
Marty,Sandali,74.99
Marty,Sandali,74.99
Marty,Sandali,74.99
Marty,Sandali,74.99
Daisie,Sneaker,49.99
Agatha,Slip on,39.99
Agatha,Slip on,39.99
Jolie,Sandali,47.99
Jolie,Sandali,49.99
Jolie,Sandali,44.99
Jolie,Sandali,39.99
Agatha,Scarpe da ginnastica,39.99
Navigator,Scarpe da barca,89.99
Jolie,Sandali,59.99
Jolie,Sandali,47.99
Line,Scarpe da ginnastica,54.99
Cecilia,Sneakers,69.99
Gaia,Sneaker,69.99
Markle,Sneakers,49.99
Kloe,Sneakers,59.99
Nilla,Sandali,59.99
Tatiana,Sandali,59.99
Giovanna,Sandali,49.99
Mara,Sandali,59.99
Doris,Sneaker,59.99
Caterina,Sneaker,69.99
Raul,Sneakers,84.99
Tatiana,Sandali,59.99
Nina,Sneaker,39.99
Vendor,Sneakers,49.99
