Modello,Materiale,Colore,Prezzo
Sneakers,camoscio,viola,159.9
Décolleté,camoscio,nero,139.9
Décolleté,camoscio,kiss,139.9
Mocassino,pelle,nero,119.9
Sandalo,pelle,platino,139.9
Mocassino,tessuto,blu,99.9
Mocassino,tessuto,beige,99.9
Décolleté,tessuto,argento,149.9
Décolleté,pelle,abyss,149.9
Décolleté,pelle,platino,149.9
Décolleté,pelle,nude,149.9
Décolleté,pelle,nero,149.9
Dècolletè,pelle,nero,129.9
Dècolletè,pelle,platino,129.9
Décolleté,tessuto,notte,149.9
Décolleté,tessuto,notte,149.9
Décolleté,pelle,notte,149.9
Décolleté,tessuto,platino,149.9
Décolleté,tessuto,nero,159.9
Décolleté,tessuto,argento,159.9
Décolleté,pelle,bianco,159.9
Décolleté,camoscio,strass,189.9
Décolleté,pelle,notte,129.9
Décolleté,tessuto,nero,149.9
Décolleté,pelle,milk,149.9
Décolleté,tessuto,notte,129.9
Dècolletè,pelle,milk,129.9
Décolleté,pelle,platino,169.9
Décolleté,camoscio,legno,149.9
Décolleté,pelle,nero,159.9
Décolleté,pelle,multi,189.9
Décolleté,pelle,abyss,149.9
Décolleté,tessuto,argento,149.9
Décolleté,pelle,argento,169.9
Sandalo,donna,platino,139.9
Sandalo,tessuto,rosa,139.9
Sandalo,tessuto,blu,139.9
Sandalo,tessuto,blu,139.9
Sandalo,pelle,platino,159.9
Sandalo,pelle,argento,159.9
Sneakers,camoscio,rose,159.9
Sneakers,pelle,nude,159.9
Sneakers,camoscio,corda,159.9
Sneakers,pelle,jeans,149.9
Sneakers,pelle,bianco,149.9
Sneakers,pelle,acqua,149.9
Sneakers,pelle,marmo,149.9
Sandalo,donna,argento,169.9
Sandalo,donna,oro,169.9
Sandalo,pelle,bianco,139.9
Sandalo,similpelle,argento,139.9
Sandalo,similpelle,platino,139.9
Mocassino,pelle,platino,129.9
Sandalo,tessuto,argento,159.9
Ciabatta,pelle,nude,129.0
Ciabatta,pelle,bianco,129.0
Sandalo,pelle,nero,149.9
Sandalo,pelle,nude,129.0
Ciabatta,vernice,nero,129.0
Ciabatta,pelle,cuoio,139.0
Sandalo,pelle,rosso,139.9
Sandalo,pelle,nero,149.9
Sandalo,pelle,cipria,149.9
Sandalo,camoscio,nero,119.9
Mocassino,pelle,cuoio,149.9
Sandalo,camoscio,cuoio,159.9
Sandalo,tessuto,notte,149.9
Sneakers,camoscio,cielo,149.9
Sneakers,camoscio,carne,139.9
Sandalo,pelle,nero,119.0
Sandalo,tessuto,argento,119.0
Sandalo,tessuto,nude,119.0
Ciabatta,tessuto,argento,119.0
Ciabatta,tessuto,nero,119.0
Ciabatta,tessuto,oro,115.0
Sandalo,pelle,bianco,89.9
Sandalo,pelle,blu,89.9
Sandalo,pelle,platino,89.9
Sandalo,pelle,nero,119.9
Infradita,pelle,jeans,89.9
Ciabatta,camoscio,jeans,89.9
Ciabatta,camoscio,verde,129.0
Sandalo,tessuto,nero,129.0
Sandalo,tessuto,argento,129.0
Sandalo,tessuto,rosa,89.9
Sandalo,pelle,giallo,89.9
Sandalo,pelle,beige,89.9
Sandalo,pelle,bianco,129.0
Sandalo,tessuto,platino,129.0
Sandalo,tessuto,blu,129.0
Sandalo,pelle,bianco,129.0
Sandalo,pelle,platino,129.0
Sandalo,pelle,argento,139.9
Sandalo,pelle,nude,139.9
Sandalo,pelle,bianco,159.9
Décolleté,tessuto,platino,149.9
Décolleté,pelle,abyss,169.9
Décolleté,vernice,nude,159.9
Décolleté,tessuto,rosa,159.9
Décolleté,tessuto,notte,139.9
Sandalo,donna,argento,159.9
Décolleté,tessuto,platino,169.9
Décolleté,pelle,platino,129.9
Décolleté,camoscio,nude,129.9
Décolleté,pelle,abyss,149.9
Décolleté,pelle,nero,149.9
Décolleté,pelle,abyss,149.9
Décolleté,tessuto,phard,149.9
Décolleté,tessuto,platino,149.9
Décolleté,tessuto,argento,149.9
Décolleté,tessuto,nero,149.9
Décolleté,pelle,oro,149.9
Décolleté,pelle,carne,149.9
Décolleté,pelle,nero,149.9
Décolleté,pelle,bianco,129.0
Sandalo,pelle,nero,139.9
Sandalo,pelle,nude,149.9
Sandalo,pelle,jeans,139.9
Mocassino,camoscio,ecru,89.9
Sandalo,camoscio,sahara,139.9
Sandalo,tessuto,cipria,149.9
Sandalo,camoscio,nero,115.0
Sandalo,pelle,platino,79.9
Ciabatta,pelle,platino,115.0
Sandalo,pelle,beige,139.0
Sandalo,pelle,crema,139.0
Sandalo,pelle,bianco,89.9
Sandalo,pelle,nude,89.9
Ciabatta,pelle,bianco,89.9
Sandalo,camoscio,nero,89.9
Sandalo,camoscio,bianco,99.9
Sandalo,nabuck,sabbia,99.9
Sandalo,nabuck,corda,89.9
Ciabatta,pelle,cuoio,89.9
Ciabatta,pelle,bianco,89.9
Sandalo,pelle,nero,89.9
Sandalo,pelle,bianco,79.9
Ciabatta,pelle,tabacco,89.9
Sandalo,pelle,cipria,89.9
Sandalo,pelle,nero,115.0
Sandalo,pelle,platino,85.4
Sandalo,similpelle,argento,122.0
Sandalo,pelle,crema,99.9
Sandalo,camoscio,nero,59.9
Sandalo,camoscio,nero,65.0
Ciabatta,camoscio,nero,45.5
Ciabatta,camoscio,senape,65.0
Mocassino,pelle,platino,45.5
Infradito,tessuto,fucsia,65.0
Infradito,tessuto,bianco,119.9
Infradito,tessuto,azzurro,89.9
Sandalo,tessuto,beige,89.9
Sandalo,tessuto,grigio,89.9
Sandalo,tessuto,bianco,109.9
Sandalo,tessuto,turchese,109.9
Ciabatta,tessuto,nero,89.9
Ciabatta,tessuto,bronzo,89.9
Ciabatta,vernice,nero,89.9
Ciabatta,similpelle,rosa,89.9
Ciabatta,similpelle,beige,69.9
Ciabatta,tessuto,argento,69.9
Ciabatta,tessuto,nude,69.9
Espadrillas,tessuto,tessuto,89.9
Espadrillas,tessuto,beige,89.9
Espadrillas,tessuto,cuoio,79.9
Espadrillas,tessuto,jeans,79.9
Ciabatta,pelle,nero,79.9
Ciabatta,pelle,bianco,79.9
Sandalo,pelle,blu,59.9
Ciabatta,pelle,rosso,59.9
Sandalo,pelle,camel,89.9
Infradita,similpelle,bianco,89.9
Infradita,similpelle,platino,89.9
Infradita,similpelle,nero,89.9
Infradita,similpelle,oliva,89.9
Sandalo,similpelle,cappuccino,89.9
Sandalo,similpelle,nero,89.9
Sandalo,similpelle,cielo,89.9
Sandalo,similpelle,rosa,89.9
Sandalo,pelle,bianco,89.9
Sandalo,pelle,cuoio,89.9
Sandalo,pelle,bianco,89.9
Ciabatta,pelle,cuoio,89.9
Sandalo,tessuto,jeans,89.9
Ciabatta,pelle,rosso,89.9
Sandalo,pelle,brandy,119.9
Sandalo,tessuto,nero,129.0
Sandalo,tessuto,nude,149.0
Sandalo,camoscio,ecru,129.0
Sandalo,camoscio,nero,119.9
Ciabatta,similpelle,bianco,129.9
Ciabatta,similpelle,platino,129.9
Ciabatta,pelle,nero,69.9
Ciabatta,pelle,crema,69.9
Sandalo,pelle,nero,89.9
Sandalo,pelle,rosso,89.9
Sandalo,pelle,coconut,89.9
Ciabatta,pelle,brandy,89.9
Sandalo,pelle,platino,89.9
Sandalo,tessuto,platino,59.9
Sandalo,tessuto,nero,129.9
Sandalo,tessuto,notte,129.9
Sandalo,pelle,nero,129.9
Sandalo,pelle,bianco,129.9
Sandalo,pelle,argento,115.0
Sandalo,pelle,rosa,115.0
Décolleté,pelle,nero,115.0
Décolleté,camoscio,strass,115.0
Décolleté,pelle,coco,149.9
Sneakers,pelle,nero,189.9
Sneakers,camoscio,legno,149.9
Sneakers,camoscio,azzurro,149.9
Dècolletè,pelle,bronzo,159.9
Sandalo,pelle,bianco,159.9
Décolleté,pelle,misia,119.9
Sandalo,tessuto,cipria,159.9
Décolleté,pelle,argento,149.9
Décolleté,pelle,argento,139.9
Sandalo,tessuto,nero,139.9
Sandalo,tessuto,fucile,169.9
Sandalo,tessuto,argento,129.0
Décolleté,pelle,nude,129.0
Sandalo,similpelle,rosa,129.0
Mocassino,pelle,vaniglia,139.9
Sneakers,camoscio,blu,85.4
Sandalo,pelle,brandy,122.0
Sandalo,pelle,beige,119.9
Décolleté,pelle,nude,149.9
Mocassino,pelle,abyss,89.9
Ciabatta,pelle,nero,139.9
Sandalo,pelle,nero,149.9
Sandalo,pelle,abyss,149.9
Sandalo,pelle,platino,89.9
Sandalo,pelle,bianco,139.0
Mocassino,pelle,bianco,139.9
Sandalo,pelle,nude,115.0
Scarpa,pelle,cuoio,149.9
Sandalo,pelle,rosso,119.9
Sandalo,tessuto,argento,149.9
Décolleté,pelle,nude,89.9
Sandalo,pelle,nude,89.9
Sandalo,pelle,nero,159.9
Sandalo,pelle,bianco,149.9
Sandalo,pelle,nero,149.9
Décolleté,tessuto,platino,159.9
Sneakers,camoscio,mela,149.9
Décolleté,pelle,nero,149.9
Décolleté,pelle,nero,169.9
Décolleté,tessuto,notte,149.9
Dècolletè,pelle,beige,139.9
Décolleté,pelle,nero,139.9
Sandalo,tessuto,argento,139.9
Décolleté,pelle,milk,119.9
Mocassino,pelle,nude,159.9
Sandalo,pelle,kiss,139.9
Décolleté,pelle,nero,149.9
Mocassino,pelle,blu,149.9
Mocassino,pelle,blu,149.9
Mocassino,pelle,cuoio,149.9
Décolleté,pelle,nero,119.9
Décolleté,tessuto,argento,119.9
Décolleté,tessuto,notte,119.9
Mocassino,pelle,nude,149.9
Sandalo,pelle,abyss,149.9
Mocassino,pelle,abyss,159.9
Sneakers,vernice,milk,149.9
Scarpa,pelle,cuoio,149.9
Sneakers,camoscio,coloniale,149.9
Décolleté,pelle,milk,159.9
Décolleté,tessuto,platino,89.9
Décolleté,tessuto,platino,149.9
Sneakers,camoscio,beige,139.9
Décolleté,pelle,nero,159.9
Sandalo,tessuto,argento,139.9
Sneakers,camoscio,kiss,149.9
Sneakers,pelle,beige,139.9
Sneakers,pelle,beige,139.9
Sneakers,pelle,latte,159.9
Sneakers,pelle,latte,159.9
Scarpa,pelle,cuoio,169.9
Scarpa,pelle,cuoio,149.9
Décolleté,pelle,misia,159.9
Sneakers,tessuto,beige,89.9
Sneakers,tessuto,blu,89.9
Sneakers,pelle,blu,139.9
Sneakers,tessuto,beige,99.9
Sneakers,pelle,bianco,99.9
Sandalo,pelle,platino,99.9
Décolleté,tessuto,argento,119.9
Décolleté,tessuto,argento,129.9
Sneakers,camoscio,jeans,159.9
Sandalo,camoscio,abyss,139.9
Mocassino,tessuto,notte,159.9
Sandalo,pelle,blu,159.9
Sneakers,tessuto,nero,149.9
Sneakers,pelle,platino,99.9
Sneakers,pelle,bianco,89.9
Décolleté,pelle,platino,149.9
Sandalo,tessuto,nero,119.9
Décolleté,tessuto,phard,119.9
